{
    "total_runtime": 9.048900127410889,
    "num_documents": 1,
    "input_load_time": 0,
    "workflows": {
        "create_base_text_units": {
            "overall": 1.0998520851135254,
            "0_create_base_text_units": 1.0988709926605225
        },
        "create_final_documents": {
            "overall": 0.005570888519287109,
            "0_create_final_documents": 0.004479169845581055
        },
        "create_base_entity_graph": {
            "overall": 3.5787270069122314,
            "0_create_base_entity_graph": 3.577507972717285
        },
        "create_final_entities": {
            "overall": 0.09525775909423828,
            "0_create_final_entities": 0.09376192092895508
        },
        "create_final_nodes": {
            "overall": 1.255147933959961,
            "0_create_final_nodes": 1.2523651123046875
        },
        "create_final_communities": {
            "overall": 0.31200408935546875,
            "0_create_final_communities": 0.3099558353424072
        },
        "create_final_relationships": {
            "overall": 0.23842906951904297,
            "0_create_final_relationships": 0.23622822761535645
        },
        "create_final_text_units": {
            "overall": 0.016144990921020508,
            "0_create_final_text_units": 0.013834953308105469
        },
        "create_final_community_reports": {
            "overall": 0.738616943359375,
            "0_create_final_community_reports": 0.7359960079193115
        },
        "generate_text_embeddings": {
            "overall": 0.6185429096221924,
            "0_generate_text_embeddings": 0.615786075592041
        }
    }
}